date,close,symbol,name
2018-01-02,4087.4,sh000300,沪深300
2018-01-03,4111.39,sh000300,沪深300
2018-01-04,4128.81,sh000300,沪深300
2018-01-05,4138.75,sh000300,沪深300
2018-01-08,4160.16,sh000300,沪深300
2018-01-09,4189.3,sh000300,沪深300
2018-01-10,4207.81,sh000300,沪深300
2018-01-11,4205.59,sh000300,沪深300
2018-01-12,4225.0,sh000300,沪深300
2018-01-15,4225.24,sh000300,沪深300
2018-01-16,4258.47,sh000300,沪深300
2018-01-17,4248.12,sh000300,沪深300
2018-01-18,4271.42,sh000300,沪深300
2018-01-19,4285.4,sh000300,沪深300
2018-01-22,4336.6,sh000300,沪深300
2018-01-23,4382.61,sh000300,沪深300
2018-01-24,4389.89,sh000300,沪深300
2018-01-25,4365.08,sh000300,沪深300
2018-01-26,4381.3,sh000300,沪深300
2018-01-29,4302.02,sh000300,沪深300
2018-01-30,4256.1,sh000300,沪深300
2018-01-31,4275.9,sh000300,沪深300
2018-02-01,4245.9,sh000300,沪深300
2018-02-02,4271.23,sh000300,沪深300
2018-02-05,4274.15,sh000300,沪深300
2018-02-06,4148.89,sh000300,沪深300
2018-02-07,4050.5,sh000300,沪深300
2018-02-08,4012.05,sh000300,沪深300
2018-02-09,3840.65,sh000300,沪深300
2018-02-12,3890.1,sh000300,沪深300
2018-02-13,3935.63,sh000300,沪深300
2018-02-14,3966.96,sh000300,沪深300
2018-02-22,4052.73,sh000300,沪深300
2018-02-23,4071.09,sh000300,沪深300
2018-02-26,4118.42,sh000300,沪深300
2018-02-27,4058.98,sh000300,沪深300
2018-02-28,4023.64,sh000300,沪深300
2018-03-01,4049.09,sh000300,沪深300
2018-03-02,4016.46,sh000300,沪深300
2018-03-05,4018.1,sh000300,沪深300
2018-03-06,4066.56,sh000300,沪深300
2018-03-07,4036.65,sh000300,沪深300
2018-03-08,4077.6,sh000300,沪深300
2018-03-09,4108.87,sh000300,沪深300
2018-03-12,4127.67,sh000300,沪深300
2018-03-13,4091.25,sh000300,沪深300
2018-03-14,4073.34,sh000300,沪深300
2018-03-15,4096.16,sh000300,沪深300
2018-03-16,4056.42,sh000300,沪深300
2018-03-19,4074.25,sh000300,沪深300
2018-03-20,4077.7,sh000300,沪深300
2018-03-21,4061.05,sh000300,沪深300
2018-03-22,4020.35,sh000300,沪深300
2018-03-23,3904.94,sh000300,沪深300
2018-03-26,3879.89,sh000300,沪深300
2018-03-27,3913.27,sh000300,沪深300
2018-03-28,3842.72,sh000300,沪深300
2018-03-29,3894.05,sh000300,沪深300
2018-03-30,3898.5,sh000300,沪深300
2018-04-02,3886.92,sh000300,沪深300
2018-04-03,3862.48,sh000300,沪深300
2018-04-04,3854.86,sh000300,沪深300
2018-04-09,3852.93,sh000300,沪深300
2018-04-10,3927.17,sh000300,沪深300
2018-04-11,3938.34,sh000300,沪深300
2018-04-12,3898.64,sh000300,沪深300
2018-04-13,3871.14,sh000300,沪深300
2018-04-16,3808.86,sh000300,沪深300
2018-04-17,3748.64,sh000300,沪深300
2018-04-18,3766.28,sh000300,沪深300
2018-04-19,3811.84,sh000300,沪深300
2018-04-20,3760.85,sh000300,沪深300
2018-04-23,3766.33,sh000300,沪深300
2018-04-24,3843.49,sh000300,沪深300
2018-04-25,3828.7,sh000300,沪深300
2018-04-26,3755.49,sh000300,沪深300
2018-04-27,3756.88,sh000300,沪深300
2018-05-02,3763.65,sh000300,沪深300
2018-05-03,3793.0,sh000300,沪深300
2018-05-04,3774.6,sh000300,沪深300
2018-05-07,3834.19,sh000300,沪深300
2018-05-08,3878.68,sh000300,沪深300
2018-05-09,3871.62,sh000300,沪深300
2018-05-10,3893.06,sh000300,沪深300
2018-05-11,3872.84,sh000300,沪深300
2018-05-14,3909.29,sh000300,沪深300
2018-05-15,3924.1,sh000300,沪深300
2018-05-16,3892.84,sh000300,沪深300
2018-05-17,3864.05,sh000300,沪深300
2018-05-18,3903.06,sh000300,沪深300
2018-05-21,3921.24,sh000300,沪深300
2018-05-22,3906.21,sh000300,沪深300
2018-05-23,3854.58,sh000300,沪深300
2018-05-24,3827.22,sh000300,沪深300
2018-05-25,3816.5,sh000300,沪深300
2018-05-28,3833.26,sh000300,沪深300
2018-05-29,3804.01,sh000300,沪深300
2018-05-30,3723.37,sh000300,沪深300
2018-05-31,3802.38,sh000300,沪深300
2018-06-01,3770.59,sh000300,沪深300
2018-06-04,3807.58,sh000300,沪深300
2018-06-05,3845.32,sh000300,沪深300
2018-06-06,3837.35,sh000300,沪深300
2018-06-07,3831.01,sh000300,沪深300
2018-06-08,3779.62,sh000300,沪深300
2018-06-11,3779.98,sh000300,沪深300
2018-06-12,3825.95,sh000300,沪深300
2018-06-13,3788.34,sh000300,沪深300
2018-06-14,3773.37,sh000300,沪深300
2018-06-15,3753.43,sh000300,沪深300
2018-06-19,3621.12,sh000300,沪深300
2018-06-20,3635.44,sh000300,沪深300
2018-06-21,3592.97,sh000300,沪深300
2018-06-22,3608.9,sh000300,沪深300
2018-06-25,3560.48,sh000300,沪深300
2018-06-26,3531.11,sh000300,沪深300
2018-06-27,3459.26,sh000300,沪深300
2018-06-28,3423.53,sh000300,沪深300
2018-06-29,3510.98,sh000300,沪深300
2018-07-02,3407.96,sh000300,沪深300
2018-07-03,3409.28,sh000300,沪深300
2018-07-04,3363.75,sh000300,沪深300
2018-07-05,3342.44,sh000300,沪深300
2018-07-06,3365.12,sh000300,沪深300
2018-07-09,3459.18,sh000300,沪深300
2018-07-10,3467.52,sh000300,沪深300
2018-07-11,3407.53,sh000300,沪深300
2018-07-12,3481.06,sh000300,沪深300
2018-07-13,3492.69,sh000300,沪深300
2018-07-16,3472.09,sh000300,沪深300
2018-07-17,3449.38,sh000300,沪深300
2018-07-18,3431.32,sh000300,沪深300
2018-07-19,3428.34,sh000300,沪深300
2018-07-20,3492.89,sh000300,沪深300
2018-07-23,3525.75,sh000300,沪深300
2018-07-24,3581.71,sh000300,沪深300
2018-07-25,3577.75,sh000300,沪深300
2018-07-26,3536.25,sh000300,沪深300
2018-07-27,3521.23,sh000300,沪深300
2018-07-30,3515.08,sh000300,沪深300
2018-07-31,3517.66,sh000300,沪深300
2018-08-01,3447.39,sh000300,沪深300
2018-08-02,3370.96,sh000300,沪深300
2018-08-03,3315.28,sh000300,沪深300
2018-08-06,3273.27,sh000300,沪深300
2018-08-07,3368.87,sh000300,沪深300
2018-08-08,3314.51,sh000300,沪深300
2018-08-09,3397.53,sh000300,沪深300
2018-08-10,3405.02,sh000300,沪深300
2018-08-13,3390.34,sh000300,沪深300
2018-08-14,3372.91,sh000300,沪深300
2018-08-15,3291.98,sh000300,沪深300
2018-08-16,3276.73,sh000300,沪深300
2018-08-17,3229.62,sh000300,沪深300
2018-08-20,3267.25,sh000300,沪深300
2018-08-21,3326.65,sh000300,沪深300
2018-08-22,3307.95,sh000300,沪深300
2018-08-23,3320.03,sh000300,沪深300
2018-08-24,3325.33,sh000300,沪深300
2018-08-27,3406.57,sh000300,沪深300
2018-08-28,3400.17,sh000300,沪深300
2018-08-29,3386.57,sh000300,沪深300
2018-08-30,3351.09,sh000300,沪深300
2018-08-31,3334.5,sh000300,沪深300
2018-09-03,3321.82,sh000300,沪深300
2018-09-04,3363.9,sh000300,沪深300
2018-09-05,3298.14,sh000300,沪深300
2018-09-06,3262.88,sh000300,沪深300
2018-09-07,3277.64,sh000300,沪深300
2018-09-10,3230.07,sh000300,沪深300
2018-09-11,3224.21,sh000300,沪深300
2018-09-12,3202.02,sh000300,沪深300
2018-09-13,3236.57,sh000300,沪深300
2018-09-14,3242.09,sh000300,沪深300
2018-09-17,3204.92,sh000300,沪深300
2018-09-18,3269.43,sh000300,沪深300
2018-09-19,3312.48,sh000300,沪深300
2018-09-20,3310.13,sh000300,沪深300
2018-09-21,3410.49,sh000300,沪深300
2018-09-25,3379.8,sh000300,沪深300
2018-09-26,3417.24,sh000300,沪深300
2018-09-27,3403.59,sh000300,沪深300
2018-09-28,3438.86,sh000300,沪深300
2018-10-08,3290.9,sh000300,沪深300
2018-10-09,3288.69,sh000300,沪深300
2018-10-10,3281.6,sh000300,沪深300
2018-10-11,3124.11,sh000300,沪深300
2018-10-12,3170.73,sh000300,沪深300
2018-10-15,3126.45,sh000300,沪深300
2018-10-16,3100.97,sh000300,沪深300
2018-10-17,3118.25,sh000300,沪深300
2018-10-18,3044.39,sh000300,沪深300
2018-10-19,3134.95,sh000300,沪深300
2018-10-22,3270.27,sh000300,沪深300
2018-10-23,3183.43,sh000300,沪深300
2018-10-24,3188.2,sh000300,沪深300
2018-10-25,3194.31,sh000300,沪深300
2018-10-26,3173.64,sh000300,沪深300
2018-10-29,3076.89,sh000300,沪深300
2018-10-30,3110.26,sh000300,沪深300
2018-10-31,3153.82,sh000300,沪深300
2018-11-01,3177.03,sh000300,沪深300
2018-11-02,3290.25,sh000300,沪深300
2018-11-05,3262.84,sh000300,沪深300
2018-11-06,3243.15,sh000300,沪深300
2018-11-07,3221.91,sh000300,沪深300
2018-11-08,3212.77,sh000300,沪深300
2018-11-09,3167.44,sh000300,沪深300
2018-11-12,3205.14,sh000300,沪深300
2018-11-13,3237.38,sh000300,沪深300
2018-11-14,3204.94,sh000300,沪深300
2018-11-15,3242.37,sh000300,沪深300
2018-11-16,3257.67,sh000300,沪深300
2018-11-19,3294.6,sh000300,沪深300
2018-11-20,3218.41,sh000300,沪深300
2018-11-21,3226.49,sh000300,沪深300
2018-11-22,3214.43,sh000300,沪深300
2018-11-23,3143.48,sh000300,沪深300
2018-11-26,3141.24,sh000300,沪深300
2018-11-27,3137.24,sh000300,沪深300
2018-11-28,3178.93,sh000300,沪深300
2018-11-29,3137.65,sh000300,沪深300
2018-11-30,3172.69,sh000300,沪深300
2018-12-03,3260.95,sh000300,沪深300
2018-12-04,3267.71,sh000300,沪深300
2018-12-05,3252.0,sh000300,沪深300
2018-12-06,3181.67,sh000300,沪深300
2018-12-07,3181.56,sh000300,沪深300
2018-12-10,3144.76,sh000300,沪深300
2018-12-11,3159.82,sh000300,沪深300
2018-12-12,3170.61,sh000300,沪深300
2018-12-13,3219.69,sh000300,沪深300
2018-12-14,3165.91,sh000300,沪深300
2018-12-17,3161.2,sh000300,沪深300
2018-12-18,3128.43,sh000300,沪深300
2018-12-19,3091.13,sh000300,沪深300
2018-12-20,3067.42,sh000300,沪深300
2018-12-21,3029.4,sh000300,沪深300
2018-12-24,3038.2,sh000300,沪深300
2018-12-25,3017.28,sh000300,沪深300
2018-12-26,3002.03,sh000300,沪深300
2018-12-27,2990.51,sh000300,沪深300
2018-12-28,3010.65,sh000300,沪深300
2019-01-02,2969.54,sh000300,沪深300
2019-01-03,2964.84,sh000300,沪深300
2019-01-04,3035.87,sh000300,沪深300
2019-01-07,3054.3,sh000300,沪深300
2019-01-08,3047.7,sh000300,沪深300
2019-01-09,3078.48,sh000300,沪深300
2019-01-10,3072.69,sh000300,沪深300
2019-01-11,3094.78,sh000300,沪深300
2019-01-14,3067.78,sh000300,沪深300
2019-01-15,3127.99,sh000300,沪深300
2019-01-16,3128.65,sh000300,沪深300
2019-01-17,3111.42,sh000300,沪深300
2019-01-18,3168.17,sh000300,沪深300
2019-01-21,3185.64,sh000300,沪深300
2019-01-22,3143.32,sh000300,沪深300
2019-01-23,3141.05,sh000300,沪深300
2019-01-24,3158.78,sh000300,沪深300
2019-01-25,3184.47,sh000300,沪深300
2019-01-28,3183.78,sh000300,沪深300
2019-01-29,3193.97,sh000300,沪深300
2019-01-30,3168.48,sh000300,沪深300
2019-01-31,3201.63,sh000300,沪深300
2019-02-01,3247.4,sh000300,沪深300
2019-02-11,3306.47,sh000300,沪深300
2019-02-12,3330.34,sh000300,沪深300
2019-02-13,3397.03,sh000300,沪深300
2019-02-14,3402.14,sh000300,沪深300
2019-02-15,3338.7,sh000300,沪深300
2019-02-18,3445.74,sh000300,沪深300
2019-02-19,3439.61,sh000300,沪深300
2019-02-20,3451.93,sh000300,沪深300
2019-02-21,3442.71,sh000300,沪深300
2019-02-22,3520.12,sh000300,沪深300
2019-02-25,3729.48,sh000300,沪深300
2019-02-26,3684.69,sh000300,沪深300
2019-02-27,3678.39,sh000300,沪深300
2019-02-28,3669.37,sh000300,沪深300
2019-03-01,3749.71,sh000300,沪深300
2019-03-04,3794.1,sh000300,沪深300
2019-03-05,3816.01,sh000300,沪深300
2019-03-06,3848.09,sh000300,沪深300
2019-03-07,3808.85,sh000300,沪深300
2019-03-08,3657.58,sh000300,沪深300
2019-03-11,3729.95,sh000300,沪深300
2019-03-12,3755.35,sh000300,沪深300
2019-03-13,3724.19,sh000300,沪深300
2019-03-14,3698.49,sh000300,沪深300
2019-03-15,3745.01,sh000300,沪深300
2019-03-18,3851.75,sh000300,沪深300
2019-03-19,3833.96,sh000300,沪深300
2019-03-20,3835.44,sh000300,沪深300
2019-03-21,3836.89,sh000300,沪深300
2019-03-22,3833.8,sh000300,沪深300
2019-03-25,3742.83,sh000300,沪深300
2019-03-26,3700.44,sh000300,沪深300
2019-03-27,3743.39,sh000300,沪深300
2019-03-28,3728.4,sh000300,沪深300
2019-03-29,3872.34,sh000300,沪深300
2019-04-01,3973.93,sh000300,沪深300
2019-04-02,3971.29,sh000300,沪深300
2019-04-03,4022.16,sh000300,沪深300
2019-04-04,4062.23,sh000300,沪深300
2019-04-08,4057.23,sh000300,沪深300
2019-04-09,4075.43,sh000300,沪深300
2019-04-10,4085.85,sh000300,沪深300
2019-04-11,3997.58,sh000300,沪深300
2019-04-12,3988.62,sh000300,沪深300
2019-04-15,3975.52,sh000300,沪深300
2019-04-16,4085.79,sh000300,沪深300
2019-04-17,4087.24,sh000300,沪深300
2019-04-18,4072.08,sh000300,沪深300
2019-04-19,4120.61,sh000300,沪深300
2019-04-22,4025.61,sh000300,沪深300
2019-04-23,4019.01,sh000300,沪深300
2019-04-24,4030.09,sh000300,沪深300
2019-04-25,3941.82,sh000300,沪深300
2019-04-26,3889.27,sh000300,沪深300
2019-04-29,3900.33,sh000300,沪深300
2019-04-30,3913.21,sh000300,沪深300
2019-05-06,3684.62,sh000300,沪深300
2019-05-07,3720.67,sh000300,沪深300
2019-05-08,3667.46,sh000300,沪深300
2019-05-09,3599.7,sh000300,沪深300
2019-05-10,3730.45,sh000300,沪深300
2019-05-13,3668.73,sh000300,沪深300
2019-05-14,3645.15,sh000300,沪深300
2019-05-15,3727.09,sh000300,沪深300
2019-05-16,3743.96,sh000300,沪深300
2019-05-17,3648.76,sh000300,沪深300
2019-05-20,3617.79,sh000300,沪深300
2019-05-21,3666.78,sh000300,沪深300
2019-05-22,3649.38,sh000300,沪深300
2019-05-23,3583.96,sh000300,沪深300
2019-05-24,3593.91,sh000300,沪深300
2019-05-27,3637.2,sh000300,沪深300
2019-05-28,3672.26,sh000300,沪深300
2019-05-29,3663.91,sh000300,沪深300
2019-05-30,3641.18,sh000300,沪深300
2019-05-31,3629.79,sh000300,沪深300
2019-06-03,3632.01,sh000300,沪深300
2019-06-04,3598.47,sh000300,沪深300
2019-06-05,3597.11,sh000300,沪深300
2019-06-06,3564.68,sh000300,沪深300
2019-06-10,3610.74,sh000300,沪深300
2019-06-11,3719.28,sh000300,沪深300
2019-06-12,3691.1,sh000300,沪深300
2019-06-13,3685.39,sh000300,沪深300
2019-06-14,3654.88,sh000300,沪深300
2019-06-17,3654.82,sh000300,沪深300
2019-06-18,3667.62,sh000300,沪深300
2019-06-19,3715.94,sh000300,沪深300
2019-06-20,3828.52,sh000300,沪深300
2019-06-21,3833.94,sh000300,沪深300
2019-06-24,3841.27,sh000300,沪深300
2019-06-25,3801.31,sh000300,沪深300
2019-06-26,3794.33,sh000300,沪深300
2019-06-27,3834.82,sh000300,沪深300
2019-06-28,3825.59,sh000300,沪深300
2019-07-01,3935.81,sh000300,沪深300
2019-07-02,3937.17,sh000300,沪深300
2019-07-03,3893.53,sh000300,沪深300
2019-07-04,3873.1,sh000300,沪深300
2019-07-05,3893.2,sh000300,沪深300
2019-07-08,3802.79,sh000300,沪深300
2019-07-09,3793.13,sh000300,沪深300
2019-07-10,3786.74,sh000300,沪深300
2019-07-11,3785.22,sh000300,沪深300
2019-07-12,3808.73,sh000300,沪深300
2019-07-15,3824.19,sh000300,沪深300
2019-07-16,3806.84,sh000300,沪深300
2019-07-17,3804.64,sh000300,沪深300
2019-07-18,3768.4,sh000300,沪深300
2019-07-19,3807.96,sh000300,沪深300
2019-07-22,3781.68,sh000300,沪深300
2019-07-23,3789.91,sh000300,沪深300
2019-07-24,3819.83,sh000300,沪深300
2019-07-25,3851.07,sh000300,沪深300
2019-07-26,3858.57,sh000300,沪深300
2019-07-29,3854.27,sh000300,沪深300
2019-07-30,3870.32,sh000300,沪深300
2019-07-31,3835.36,sh000300,沪深300
2019-08-01,3803.47,sh000300,沪深300
2019-08-02,3747.44,sh000300,沪深300
2019-08-05,3675.69,sh000300,沪深300
2019-08-06,3636.33,sh000300,沪深300
2019-08-07,3621.43,sh000300,沪深300
2019-08-08,3669.29,sh000300,沪深300
2019-08-09,3633.53,sh000300,沪深300
2019-08-12,3699.1,sh000300,沪深300
2019-08-13,3665.75,sh000300,沪深300
2019-08-14,3682.4,sh000300,沪深300
2019-08-15,3694.0,sh000300,沪深300
2019-08-16,3710.54,sh000300,沪深300
2019-08-19,3791.09,sh000300,沪深300
2019-08-20,3787.73,sh000300,沪深300
2019-08-21,3781.76,sh000300,沪深300
2019-08-22,3793.51,sh000300,沪深300
2019-08-23,3820.86,sh000300,沪深300
2019-08-26,3765.91,sh000300,沪深300
2019-08-27,3816.95,sh000300,沪深300
2019-08-28,3802.58,sh000300,沪深300
2019-08-29,3790.19,sh000300,沪深300
2019-08-30,3799.59,sh000300,沪深300
2019-09-02,3848.32,sh000300,沪深300
2019-09-03,3853.61,sh000300,沪深300
2019-09-04,3886.0,sh000300,沪深300
2019-09-05,3925.32,sh000300,沪深300
2019-09-06,3948.51,sh000300,沪深300
2019-09-09,3972.95,sh000300,沪深300
2019-09-10,3959.27,sh000300,沪深300
2019-09-11,3930.1,sh000300,沪深300
2019-09-12,3972.38,sh000300,沪深300
2019-09-16,3957.72,sh000300,沪深300
2019-09-17,3891.22,sh000300,沪深300
2019-09-18,3910.08,sh000300,沪深300
2019-09-19,3924.38,sh000300,沪深300
2019-09-20,3935.65,sh000300,沪深300
2019-09-23,3890.66,sh000300,沪深300
2019-09-24,3901.08,sh000300,沪深300
2019-09-25,3870.98,sh000300,沪深300
2019-09-26,3841.14,sh000300,沪深300
2019-09-27,3852.65,sh000300,沪深300
2019-09-30,3814.53,sh000300,沪深300
2019-10-08,3837.68,sh000300,沪深300
2019-10-09,3843.24,sh000300,沪深300
2019-10-10,3874.64,sh000300,沪深300
2019-10-11,3911.73,sh000300,沪深300
2019-10-14,3953.24,sh000300,沪深300
2019-10-15,3936.25,sh000300,沪深300
2019-10-16,3922.69,sh000300,沪深300
2019-10-17,3925.22,sh000300,沪深300
2019-10-18,3869.38,sh000300,沪深300
2019-10-21,3880.84,sh000300,沪深300
2019-10-22,3895.88,sh000300,沪深300
2019-10-23,3871.08,sh000300,沪深300
2019-10-24,3870.67,sh000300,沪深300
2019-10-25,3896.79,sh000300,沪深300
2019-10-28,3926.59,sh000300,沪深300
2019-10-29,3910.23,sh000300,沪深300
2019-10-30,3891.23,sh000300,沪深300
2019-10-31,3886.75,sh000300,沪深300
2019-11-01,3952.39,sh000300,沪深300
2019-11-04,3978.12,sh000300,沪深300
2019-11-05,4002.81,sh000300,沪深300
2019-11-06,3984.88,sh000300,沪深300
2019-11-07,3991.87,sh000300,沪深300
2019-11-08,3973.01,sh000300,沪深300
2019-11-11,3902.98,sh000300,沪深300
2019-11-12,3903.69,sh000300,沪深300
2019-11-13,3899.98,sh000300,沪深300
2019-11-14,3905.86,sh000300,沪深300
2019-11-15,3877.09,sh000300,沪深300
2019-11-18,3907.93,sh000300,沪深300
2019-11-19,3947.04,sh000300,沪深300
2019-11-20,3907.86,sh000300,沪深300
2019-11-21,3889.6,sh000300,沪深300
2019-11-22,3849.99,sh000300,沪深300
2019-11-25,3878.21,sh000300,沪深300
2019-11-26,3891.65,sh000300,沪深300
2019-11-27,3875.62,sh000300,沪深300
2019-11-28,3862.3,sh000300,沪深300
2019-11-29,3828.67,sh000300,沪深300
2019-12-02,3836.06,sh000300,沪深300
2019-12-03,3851.09,sh000300,沪深300
2019-12-04,3849.82,sh000300,沪深300
2019-12-05,3879.36,sh000300,沪深300
2019-12-06,3902.39,sh000300,沪深300
2019-12-09,3895.45,sh000300,沪深300
2019-12-10,3900.38,sh000300,沪深300
2019-12-11,3902.75,sh000300,沪深300
2019-12-12,3891.02,sh000300,沪深300
2019-12-13,3968.22,sh000300,沪深300
2019-12-16,3987.55,sh000300,沪深300
2019-12-17,4041.8,sh000300,沪深300
2019-12-18,4032.78,sh000300,沪深300
2019-12-19,4027.15,sh000300,沪深300
2019-12-20,4017.25,sh000300,沪深300
2019-12-23,3967.1,sh000300,沪深300
2019-12-24,3992.96,sh000300,沪深300
2019-12-25,3990.87,sh000300,沪深300
2019-12-26,4025.99,sh000300,沪深300
2019-12-27,4022.03,sh000300,沪深300
2019-12-30,4081.63,sh000300,沪深300
2019-12-31,4096.58,sh000300,沪深300
2020-01-02,4152.24,sh000300,沪深300
2020-01-03,4144.96,sh000300,沪深300
2020-01-06,4129.3,sh000300,沪深300
2020-01-07,4160.23,sh000300,沪深300
2020-01-08,4112.32,sh000300,沪深300
2020-01-09,4164.37,sh000300,沪深300
2020-01-10,4163.18,sh000300,沪深300
2020-01-13,4203.99,sh000300,沪深300
2020-01-14,4189.89,sh000300,沪深300
2020-01-15,4166.73,sh000300,沪深300
2020-01-16,4149.04,sh000300,沪深300
2020-01-17,4154.85,sh000300,沪深300
2020-01-20,4185.83,sh000300,沪深300
2020-01-21,4114.31,sh000300,沪深300
2020-01-22,4131.93,sh000300,沪深300
2020-01-23,4003.9,sh000300,沪深300
2020-02-03,3688.36,sh000300,沪深300
2020-02-04,3785.64,sh000300,沪深300
2020-02-05,3828.53,sh000300,沪深300
2020-02-06,3899.78,sh000300,沪深300
2020-02-07,3899.87,sh000300,沪深300
2020-02-10,3916.01,sh000300,沪深300
2020-02-11,3952.46,sh000300,沪深300
2020-02-12,3984.43,sh000300,沪深300
2020-02-13,3959.92,sh000300,沪深300
2020-02-14,3987.73,sh000300,沪深300
2020-02-17,4077.42,sh000300,沪深300
2020-02-18,4057.51,sh000300,沪深300
2020-02-19,4051.31,sh000300,沪深300
2020-02-20,4144.66,sh000300,沪深300
2020-02-21,4149.49,sh000300,沪深300
2020-02-24,4132.84,sh000300,沪深300
2020-02-25,4123.85,sh000300,沪深300
2020-02-26,4073.02,sh000300,沪深300
2020-02-27,4084.88,sh000300,沪深300
2020-02-28,3940.05,sh000300,沪深300
2020-03-02,4069.67,sh000300,沪深300
2020-03-03,4091.36,sh000300,沪深300
2020-03-04,4115.05,sh000300,沪深300
2020-03-05,4206.73,sh000300,沪深300
2020-03-06,4138.51,sh000300,沪深300
2020-03-09,3997.13,sh000300,沪深300
2020-03-10,4082.73,sh000300,沪深300
2020-03-11,4028.43,sh000300,沪深300
2020-03-12,3950.91,sh000300,沪深300
2020-03-13,3895.31,sh000300,沪深300
2020-03-16,3727.84,sh000300,沪深300
2020-03-17,3709.68,sh000300,沪深300
2020-03-18,3636.26,sh000300,沪深300
2020-03-19,3589.09,sh000300,沪深300
2020-03-20,3653.22,sh000300,沪深300
2020-03-23,3530.31,sh000300,沪深300
2020-03-24,3625.11,sh000300,沪深300
2020-03-25,3722.52,sh000300,沪深300
2020-03-26,3698.05,sh000300,沪深300
2020-03-27,3710.06,sh000300,沪深300
2020-03-30,3674.11,sh000300,沪深300
2020-03-31,3686.16,sh000300,沪深300
2020-04-01,3675.08,sh000300,沪深300
2020-04-02,3734.53,sh000300,沪深300
2020-04-03,3713.22,sh000300,沪深300
2020-04-07,3798.02,sh000300,沪深300
2020-04-08,3780.34,sh000300,沪深300
2020-04-09,3792.81,sh000300,沪深300
2020-04-10,3769.18,sh000300,沪深300
2020-04-13,3753.26,sh000300,沪深300
2020-04-14,3825.7,sh000300,沪深300
2020-04-15,3797.36,sh000300,沪深300
2020-04-16,3802.38,sh000300,沪深300
2020-04-17,3839.49,sh000300,沪深300
2020-04-20,3853.46,sh000300,沪深300
2020-04-21,3808.05,sh000300,沪深300
2020-04-22,3839.38,sh000300,沪深300
2020-04-23,3829.75,sh000300,沪深300
2020-04-24,3796.97,sh000300,沪深300
2020-04-27,3822.77,sh000300,沪深300
2020-04-28,3849.15,sh000300,沪深300
2020-04-29,3867.03,sh000300,沪深300
2020-04-30,3912.58,sh000300,沪深300
2020-05-06,3936.25,sh000300,沪深300
2020-05-07,3924.89,sh000300,沪深300
2020-05-08,3963.62,sh000300,沪深300
2020-05-11,3960.18,sh000300,沪深300
2020-05-12,3960.24,sh000300,沪深300
2020-05-13,3968.25,sh000300,沪深300
2020-05-14,3925.22,sh000300,沪深300
2020-05-15,3912.82,sh000300,沪深300
2020-05-18,3922.91,sh000300,沪深300
2020-05-19,3956.25,sh000300,沪深300
2020-05-20,3935.22,sh000300,沪深300
2020-05-21,3913.79,sh000300,沪深300
2020-05-22,3824.06,sh000300,沪深300
2020-05-25,3829.32,sh000300,沪深300
2020-05-26,3872.77,sh000300,沪深300
2020-05-27,3845.61,sh000300,沪深300
2020-05-28,3856.63,sh000300,沪深300
2020-05-29,3867.02,sh000300,沪深300
2020-06-01,3971.34,sh000300,沪深300
2020-06-02,3983.57,sh000300,沪深300
2020-06-03,3983.65,sh000300,沪深300
2020-06-04,3982.19,sh000300,沪深300
2020-06-05,4001.25,sh000300,沪深300
2020-06-08,4021.95,sh000300,沪深300
2020-06-09,4047.03,sh000300,沪深300
2020-06-10,4039.71,sh000300,沪深300
2020-06-11,3995.88,sh000300,沪深300
2020-06-12,4003.08,sh000300,沪深300
2020-06-15,3954.99,sh000300,沪深300
2020-06-16,4014.57,sh000300,沪深300
2020-06-17,4017.59,sh000300,沪深300
2020-06-18,4044.38,sh000300,沪深300
2020-06-19,4098.71,sh000300,沪深300
2020-06-22,4102.05,sh000300,沪深300
2020-06-23,4121.79,sh000300,沪深300
2020-06-24,4138.99,sh000300,沪深300
2020-06-29,4109.72,sh000300,沪深300
2020-06-30,4163.96,sh000300,沪深300
2020-07-01,4247.78,sh000300,沪深300
2020-07-02,4335.84,sh000300,沪深300
2020-07-03,4419.6,sh000300,沪深300
2020-07-06,4670.09,sh000300,沪深300
2020-07-07,4698.13,sh000300,沪深300
2020-07-08,4774.0,sh000300,沪深300
2020-07-09,4840.77,sh000300,沪深300
2020-07-10,4753.13,sh000300,沪深300
2020-07-13,4852.96,sh000300,沪深300
2020-07-14,4806.69,sh000300,沪深300
2020-07-15,4744.47,sh000300,沪深300
2020-07-16,4516.25,sh000300,沪深300
2020-07-17,4544.7,sh000300,沪深300
2020-07-20,4680.3,sh000300,沪深300
2020-07-21,4691.04,sh000300,沪深300
2020-07-22,4714.45,sh000300,沪深300
2020-07-23,4712.44,sh000300,沪深300
2020-07-24,4505.59,sh000300,沪深300
2020-07-27,4528.45,sh000300,沪深300
2020-07-28,4568.26,sh000300,沪深300
2020-07-29,4679.01,sh000300,沪深300
2020-07-30,4656.15,sh000300,沪深300
2020-07-31,4695.05,sh000300,沪深300
2020-08-03,4771.31,sh000300,沪深300
2020-08-04,4775.8,sh000300,沪深300
2020-08-05,4777.11,sh000300,沪深300
2020-08-06,4762.76,sh000300,沪深300
2020-08-07,4707.93,sh000300,沪深300
2020-08-10,4724.87,sh000300,沪深300
2020-08-11,4681.78,sh000300,沪深300
2020-08-12,4647.64,sh000300,沪深300
2020-08-13,4635.71,sh000300,沪深300
2020-08-14,4704.63,sh000300,沪深300
2020-08-17,4815.23,sh000300,沪深300
2020-08-18,4812.76,sh000300,沪深300
2020-08-19,4740.68,sh000300,沪深300
2020-08-20,4679.15,sh000300,沪深300
2020-08-21,4718.84,sh000300,沪深300
2020-08-24,4755.85,sh000300,沪深300
2020-08-25,4761.95,sh000300,沪深300
2020-08-26,4706.13,sh000300,沪深300
2020-08-27,4731.35,sh000300,沪深300
2020-08-28,4844.27,sh000300,沪深300
2020-08-31,4816.22,sh000300,沪深300
2020-09-01,4842.12,sh000300,沪深300
2020-09-02,4843.89,sh000300,沪深300
2020-09-03,4817.1,sh000300,沪深300
2020-09-04,4770.22,sh000300,沪深300
2020-09-07,4669.37,sh000300,沪深300
2020-09-08,4694.39,sh000300,沪深300
2020-09-09,4584.59,sh000300,沪深300
2020-09-10,4581.98,sh000300,沪深300
2020-09-11,4627.28,sh000300,沪深300
2020-09-14,4651.05,sh000300,沪深300
2020-09-15,4688.48,sh000300,沪深300
2020-09-16,4657.36,sh000300,沪深300
2020-09-17,4632.71,sh000300,沪深300
2020-09-18,4737.09,sh000300,沪深300
2020-09-21,4691.43,sh000300,沪深300
2020-09-22,4635.76,sh000300,沪深300
2020-09-23,4652.33,sh000300,沪深300
2020-09-24,4563.07,sh000300,沪深300
2020-09-25,4570.02,sh000300,沪深300
2020-09-28,4581.91,sh000300,沪深300
2020-09-29,4591.8,sh000300,沪深300
2020-09-30,4587.4,sh000300,沪深300
2020-10-09,4681.14,sh000300,沪深300
2020-10-12,4823.16,sh000300,沪深300
2020-10-13,4839.2,sh000300,沪深300
2020-10-14,4807.1,sh000300,沪深300
2020-10-15,4798.74,sh000300,沪深300
2020-10-16,4791.68,sh000300,沪深300
2020-10-19,4755.49,sh000300,沪深300
2020-10-20,4793.47,sh000300,沪深300
2020-10-21,4792.83,sh000300,沪深300
2020-10-22,4777.98,sh000300,沪深300
2020-10-23,4718.49,sh000300,沪深300
2020-10-26,4691.24,sh000300,沪深300
2020-10-27,4699.28,sh000300,沪深300
2020-10-28,4737.27,sh000300,沪深300
2020-10-29,4772.92,sh000300,沪深300
2020-10-30,4695.33,sh000300,沪深300
2020-11-02,4720.83,sh000300,沪深300
2020-11-03,4777.56,sh000300,沪深300
2020-11-04,4813.66,sh000300,沪深300
2020-11-05,4885.11,sh000300,沪深300
2020-11-06,4885.72,sh000300,沪深300
2020-11-09,4981.35,sh000300,沪深300
2020-11-10,4953.88,sh000300,沪深300
2020-11-11,4904.9,sh000300,沪深300
2020-11-12,4908.46,sh000300,沪深300
2020-11-13,4856.85,sh000300,沪深300
2020-11-16,4904.17,sh000300,沪深300
2020-11-17,4894.79,sh000300,沪深300
2020-11-18,4891.67,sh000300,沪深300
2020-11-19,4927.99,sh000300,沪深300
2020-11-20,4943.29,sh000300,沪深300
2020-11-23,5005.03,sh000300,沪深300
2020-11-24,4974.29,sh000300,沪深300
2020-11-25,4910.7,sh000300,沪深300
2020-11-26,4919.59,sh000300,沪深300
2020-11-27,4980.77,sh000300,沪深300
2020-11-30,4960.25,sh000300,沪深300
2020-12-01,5067.1,sh000300,沪深300
2020-12-02,5067.14,sh000300,沪深300
2020-12-03,5057.06,sh000300,沪深300
2020-12-04,5065.92,sh000300,沪深300
2020-12-07,5022.24,sh000300,沪深300
2020-12-08,5009.88,sh000300,沪深300
2020-12-09,4942.7,sh000300,沪深300
2020-12-10,4940.52,sh000300,沪深300
2020-12-11,4889.63,sh000300,沪深300
2020-12-14,4934.84,sh000300,沪深300
2020-12-15,4945.1,sh000300,沪深300
2020-12-16,4953.87,sh000300,沪深300
2020-12-17,5017.48,sh000300,沪深300
2020-12-18,4999.97,sh000300,沪深300
2020-12-21,5046.84,sh000300,沪深300
2020-12-22,4964.77,sh000300,沪深300
2020-12-23,5007.12,sh000300,沪深300
2020-12-24,5000.02,sh000300,沪深300
2020-12-25,5042.01,sh000300,沪深300
2020-12-28,5064.41,sh000300,沪深300
2020-12-29,5042.94,sh000300,沪深300
2020-12-30,5113.71,sh000300,沪深300
2020-12-31,5211.29,sh000300,沪深300
2021-01-04,5267.72,sh000300,沪深300
2021-01-05,5368.5,sh000300,沪深300
2021-01-06,5417.67,sh000300,沪深300
2021-01-07,5513.66,sh000300,沪深300
2021-01-08,5495.43,sh000300,沪深300
2021-01-11,5441.16,sh000300,沪深300
2021-01-12,5596.35,sh000300,沪深300
2021-01-13,5577.97,sh000300,沪深300
2021-01-14,5470.46,sh000300,沪深300
2021-01-15,5458.08,sh000300,沪深300
2021-01-18,5518.52,sh000300,沪深300
2021-01-19,5437.52,sh000300,沪深300
2021-01-20,5476.43,sh000300,沪深300
2021-01-21,5564.97,sh000300,沪深300
2021-01-22,5569.78,sh000300,沪深300
2021-01-25,5625.92,sh000300,沪深300
2021-01-26,5512.97,sh000300,沪深300
2021-01-27,5528.0,sh000300,沪深300
2021-01-28,5377.14,sh000300,沪深300
2021-01-29,5351.96,sh000300,沪深300
2021-02-01,5417.65,sh000300,沪深300
2021-02-02,5501.09,sh000300,沪深300
2021-02-03,5485.2,sh000300,沪深300
2021-02-04,5473.95,sh000300,沪深300
2021-02-05,5483.41,sh000300,沪深300
2021-02-08,5564.56,sh000300,沪深300
2021-02-09,5686.25,sh000300,沪深300
2021-02-10,5807.72,sh000300,沪深300
2021-02-18,5768.38,sh000300,沪深300
2021-02-19,5778.84,sh000300,沪深300
2021-02-22,5597.33,sh000300,沪深300
2021-02-23,5579.67,sh000300,沪深300
2021-02-24,5437.57,sh000300,沪深300
2021-02-25,5469.56,sh000300,沪深300
2021-02-26,5336.76,sh000300,沪深300
2021-03-01,5418.78,sh000300,沪深300
2021-03-02,5349.63,sh000300,沪深300
2021-03-03,5452.21,sh000300,沪深300
2021-03-04,5280.71,sh000300,沪深300
2021-03-05,5262.8,sh000300,沪深300
2021-03-08,5080.02,sh000300,沪深300
2021-03-09,4971.0,sh000300,沪深300
2021-03-10,5003.61,sh000300,沪深300
2021-03-11,5128.22,sh000300,沪深300
2021-03-12,5146.38,sh000300,沪深300
2021-03-15,5035.54,sh000300,沪深300
2021-03-16,5079.36,sh000300,沪深300
2021-03-17,5100.86,sh000300,沪深300
2021-03-18,5141.77,sh000300,沪深300
2021-03-19,5007.09,sh000300,沪深300
2021-03-22,5057.15,sh000300,沪深300
2021-03-23,5009.25,sh000300,沪深300
2021-03-24,4928.69,sh000300,沪深300
2021-03-25,4926.35,sh000300,沪深300
2021-03-26,5037.99,sh000300,沪深300
2021-03-29,5046.88,sh000300,沪深300
2021-03-30,5094.73,sh000300,沪深300
2021-03-31,5048.36,sh000300,沪深300
2021-04-01,5110.78,sh000300,沪深300
2021-04-02,5161.56,sh000300,沪深300
2021-04-06,5140.34,sh000300,沪深300
2021-04-07,5103.74,sh000300,沪深300
2021-04-08,5112.21,sh000300,沪深300
2021-04-09,5035.34,sh000300,沪深300
2021-04-12,4947.75,sh000300,沪深300
2021-04-13,4939.64,sh000300,沪深300
2021-04-14,4980.63,sh000300,沪深300
2021-04-15,4948.97,sh000300,沪深300
2021-04-16,4966.18,sh000300,沪深300
2021-04-19,5087.02,sh000300,沪深300
2021-04-20,5083.37,sh000300,沪深300
2021-04-21,5098.74,sh000300,沪深300
2021-04-22,5089.24,sh000300,沪深300
2021-04-23,5135.45,sh000300,沪深300
2021-04-26,5077.24,sh000300,沪深300
2021-04-27,5090.52,sh000300,沪深300
2021-04-28,5119.24,sh000300,沪深300
2021-04-29,5164.17,sh000300,沪深300
2021-04-30,5123.49,sh000300,沪深300
2021-05-06,5061.12,sh000300,沪深300
2021-05-07,4996.05,sh000300,沪深300
2021-05-10,4992.42,sh000300,沪深300
2021-05-11,5023.06,sh000300,沪深300
2021-05-12,5044.55,sh000300,沪深300
2021-05-13,4992.97,sh000300,沪深300
2021-05-14,5110.59,sh000300,沪深300
2021-05-17,5184.99,sh000300,沪深300
2021-05-18,5187.6,sh000300,沪深300
2021-05-19,5172.27,sh000300,沪深300
2021-05-20,5186.41,sh000300,沪深300
2021-05-21,5134.15,sh000300,沪深300
2021-05-24,5155.59,sh000300,沪深300
2021-05-25,5318.48,sh000300,沪深300
2021-05-26,5320.59,sh000300,沪深300
2021-05-27,5338.23,sh000300,沪深300
2021-05-28,5321.09,sh000300,沪深300
2021-05-31,5331.57,sh000300,沪深300
2021-06-01,5341.68,sh000300,沪深300
2021-06-02,5289.97,sh000300,沪深300
2021-06-03,5255.29,sh000300,沪深300
2021-06-04,5282.28,sh000300,沪深300
2021-06-07,5277.63,sh000300,沪深300
2021-06-08,5232.12,sh000300,沪深300
2021-06-09,5236.45,sh000300,沪深300
2021-06-10,5271.47,sh000300,沪深300
2021-06-11,5224.7,sh000300,沪深300
2021-06-15,5166.56,sh000300,沪深300
2021-06-16,5080.49,sh000300,沪深300
2021-06-17,5101.89,sh000300,沪深300
2021-06-18,5102.47,sh000300,沪深300
2021-06-21,5090.39,sh000300,沪深300
2021-06-22,5122.16,sh000300,沪深300
2021-06-23,5147.39,sh000300,沪深300
2021-06-24,5155.97,sh000300,沪深300
2021-06-25,5239.97,sh000300,沪深300
2021-06-28,5251.76,sh000300,沪深300
2021-06-29,5190.54,sh000300,沪深300
2021-06-30,5224.04,sh000300,沪深300
2021-07-01,5229.66,sh000300,沪深300
2021-07-02,5081.12,sh000300,沪深300
2021-07-05,5085.79,sh000300,沪深300
2021-07-06,5083.1,sh000300,沪深300
2021-07-07,5140.49,sh000300,沪深300
2021-07-08,5088.26,sh000300,沪深300
2021-07-09,5069.44,sh000300,沪深300
2021-07-12,5132.71,sh000300,沪深300
2021-07-13,5142.1,sh000300,沪深300
2021-07-14,5083.08,sh000300,沪深300
2021-07-15,5151.46,sh000300,沪深300
2021-07-16,5094.77,sh000300,沪深300
2021-07-19,5113.49,sh000300,沪深300
2021-07-20,5108.99,sh000300,沪深300
2021-07-21,5144.04,sh000300,沪深300
2021-07-22,5151.75,sh000300,沪深300
2021-07-23,5089.23,sh000300,沪深300
2021-07-26,4925.3,sh000300,沪深300
2021-07-27,4751.31,sh000300,沪深300
2021-07-28,4760.48,sh000300,沪深300
2021-07-29,4850.27,sh000300,沪深300
2021-07-30,4811.17,sh000300,沪深300
2021-08-02,4933.74,sh000300,沪深300
2021-08-03,4934.46,sh000300,沪深300
2021-08-04,4978.85,sh000300,沪深300
2021-08-05,4948.67,sh000300,沪深300
2021-08-06,4921.56,sh000300,沪深300
2021-08-09,4985.56,sh000300,沪深300
2021-08-10,5043.15,sh000300,沪深300
2021-08-11,5015.34,sh000300,沪深300
2021-08-12,4973.35,sh000300,沪深300
2021-08-13,4945.98,sh000300,沪深300
2021-08-16,4941.07,sh000300,沪深300
2021-08-17,4837.4,sh000300,沪深300
2021-08-18,4894.24,sh000300,沪深300
2021-08-19,4862.14,sh000300,沪深300
2021-08-20,4769.27,sh000300,沪深300
2021-08-23,4835.88,sh000300,沪深300
2021-08-24,4888.39,sh000300,沪深300
2021-08-25,4898.16,sh000300,沪深300
2021-08-26,4801.61,sh000300,沪深300
2021-08-27,4827.04,sh000300,沪深300
2021-08-30,4813.27,sh000300,沪深300
2021-08-31,4805.61,sh000300,沪深300
2021-09-01,4869.46,sh000300,沪深300
2021-09-02,4869.41,sh000300,沪深300
2021-09-03,4843.06,sh000300,沪深300
2021-09-06,4933.73,sh000300,沪深300
2021-09-07,4992.83,sh000300,沪深300
2021-09-08,4972.13,sh000300,沪深300
2021-09-09,4970.01,sh000300,沪深300
2021-09-10,5013.52,sh000300,沪深300
2021-09-13,4991.66,sh000300,沪深300
2021-09-14,4917.16,sh000300,沪深300
2021-09-15,4867.32,sh000300,沪深300
2021-09-16,4807.7,sh000300,沪深300
2021-09-17,4855.94,sh000300,沪深300
2021-09-22,4821.77,sh000300,沪深300
2021-09-23,4853.2,sh000300,沪深300
2021-09-24,4849.43,sh000300,沪深300
2021-09-27,4877.37,sh000300,沪深300
2021-09-28,4883.83,sh000300,沪深300
2021-09-29,4833.93,sh000300,沪深300
2021-09-30,4866.38,sh000300,沪深300
2021-10-08,4929.94,sh000300,沪深300
2021-10-11,4936.19,sh000300,沪深300
2021-10-12,4883.84,sh000300,沪深300
2021-10-13,4940.11,sh000300,沪深300
2021-10-14,4913.61,sh000300,沪深300
2021-10-15,4932.11,sh000300,沪深300
2021-10-18,4874.78,sh000300,沪深300
2021-10-19,4922.72,sh000300,沪深300
2021-10-20,4910.18,sh000300,沪深300
2021-10-21,4928.02,sh000300,沪深300
2021-10-22,4959.73,sh000300,沪深300
2021-10-25,4979.52,sh000300,沪深300
2021-10-26,4963.1,sh000300,沪深300
2021-10-27,4898.16,sh000300,沪深300
2021-10-28,4864.14,sh000300,沪深300
2021-10-29,4908.77,sh000300,沪深300
2021-11-01,4890.69,sh000300,沪深300
2021-11-02,4839.85,sh000300,沪深300
2021-11-03,4821.11,sh000300,沪深300
2021-11-04,4868.74,sh000300,沪深300
2021-11-05,4842.35,sh000300,沪深300
2021-11-08,4848.18,sh000300,沪深300
2021-11-09,4846.74,sh000300,沪深300
2021-11-10,4821.19,sh000300,沪深300
2021-11-11,4898.65,sh000300,沪深300
2021-11-12,4888.37,sh000300,沪深300
2021-11-15,4882.38,sh000300,沪深300
2021-11-16,4883.32,sh000300,沪深300
2021-11-17,4885.75,sh000300,沪深300
2021-11-18,4837.62,sh000300,沪深300
2021-11-19,4890.06,sh000300,沪深300
2021-11-22,4912.4,sh000300,沪深300
2021-11-23,4913.35,sh000300,沪深300
2021-11-24,4916.66,sh000300,沪深300
2021-11-25,4896.44,sh000300,沪深300
2021-11-26,4860.13,sh000300,沪深300
2021-11-29,4851.42,sh000300,沪深300
2021-11-30,4832.03,sh000300,沪深300
2021-12-01,4843.85,sh000300,沪深300
2021-12-02,4856.16,sh000300,沪深300
2021-12-03,4901.02,sh000300,沪深300
2021-12-06,4892.62,sh000300,沪深300
2021-12-07,4922.1,sh000300,沪深300
2021-12-08,4995.93,sh000300,沪深300
2021-12-09,5078.69,sh000300,沪深300
2021-12-10,5055.12,sh000300,沪深300
2021-12-13,5083.8,sh000300,沪深300
2021-12-14,5049.7,sh000300,沪深300
2021-12-15,5005.9,sh000300,沪深300
2021-12-16,5034.73,sh000300,沪深300
2021-12-17,4954.76,sh000300,沪深300
2021-12-20,4880.42,sh000300,沪深300
2021-12-21,4913.49,sh000300,沪深300
2021-12-22,4914.45,sh000300,沪深300
2021-12-23,4948.74,sh000300,沪深300
2021-12-24,4921.34,sh000300,沪深300
2021-12-27,4919.32,sh000300,沪深300
2021-12-28,4955.96,sh000300,沪深300
2021-12-29,4883.48,sh000300,沪深300
2021-12-30,4921.51,sh000300,沪深300
2021-12-31,4940.37,sh000300,沪深300
2022-01-04,4917.77,sh000300,沪深300
2022-01-05,4868.12,sh000300,沪深300
2022-01-06,4818.23,sh000300,沪深300
2022-01-07,4822.37,sh000300,沪深300
2022-01-10,4844.05,sh000300,沪深300
2022-01-11,4797.77,sh000300,沪深300
2022-01-12,4845.58,sh000300,沪深300
2022-01-13,4765.92,sh000300,沪深300
2022-01-14,4726.73,sh000300,沪深300
2022-01-17,4767.28,sh000300,沪深300
2022-01-18,4813.35,sh000300,沪深300
2022-01-19,4780.38,sh000300,沪深300
2022-01-20,4823.51,sh000300,沪深300
2022-01-21,4779.31,sh000300,沪深300
2022-01-24,4786.74,sh000300,沪深300
2022-01-25,4678.45,sh000300,沪深300
2022-01-26,4712.31,sh000300,沪深300
2022-01-27,4619.88,sh000300,沪深300
2022-01-28,4563.77,sh000300,沪深300
2022-02-07,4634.09,sh000300,沪深300
2022-02-08,4608.77,sh000300,沪深300
2022-02-09,4652.06,sh000300,沪深300
2022-02-10,4639.86,sh000300,沪深300
2022-02-11,4601.4,sh000300,沪深300
2022-02-14,4551.69,sh000300,沪深300
2022-02-15,4600.1,sh000300,沪深300
2022-02-16,4617.99,sh000300,沪深300
2022-02-17,4629.16,sh000300,沪深300
2022-02-18,4651.24,sh000300,沪深300
2022-02-21,4634.31,sh000300,沪深300
2022-02-22,4574.15,sh000300,沪深300
2022-02-23,4623.05,sh000300,沪深300
2022-02-24,4529.32,sh000300,沪深300
2022-02-25,4573.42,sh000300,沪深300
2022-02-28,4581.65,sh000300,沪深300
2022-03-01,4619.69,sh000300,沪深300
2022-03-02,4578.6,sh000300,沪深300
2022-03-03,4551.63,sh000300,沪深300
2022-03-04,4496.43,sh000300,沪深300
2022-03-07,4352.78,sh000300,沪深300
2022-03-08,4265.39,sh000300,沪深300
2022-03-09,4226.35,sh000300,沪深300
2022-03-10,4292.84,sh000300,沪深300
2022-03-11,4306.52,sh000300,沪深300
2022-03-14,4174.76,sh000300,沪深300
2022-03-15,3983.81,sh000300,沪深300
2022-03-16,4156.08,sh000300,沪深300
2022-03-17,4237.7,sh000300,沪深300
2022-03-18,4265.9,sh000300,沪深300
2022-03-21,4258.75,sh000300,沪深300
2022-03-22,4255.3,sh000300,沪深300
2022-03-23,4276.52,sh000300,沪深300
2022-03-24,4251.31,sh000300,沪深300
2022-03-25,4174.57,sh000300,沪深300
2022-03-28,4148.47,sh000300,沪深300
2022-03-29,4134.14,sh000300,沪深300
2022-03-30,4254.1,sh000300,沪深300
2022-03-31,4222.6,sh000300,沪深300
2022-04-01,4276.16,sh000300,沪深300
2022-04-06,4263.84,sh000300,沪深300
2022-04-07,4209.1,sh000300,沪深300
2022-04-08,4230.77,sh000300,沪深300
2022-04-11,4100.07,sh000300,沪深300
2022-04-12,4179.97,sh000300,沪深300
2022-04-13,4139.74,sh000300,沪深300
2022-04-14,4191.57,sh000300,沪深300
2022-04-15,4188.75,sh000300,沪深300
2022-04-18,4166.38,sh000300,沪深300
2022-04-19,4134.9,sh000300,沪深300
2022-04-20,4070.79,sh000300,沪深300
2022-04-21,3995.83,sh000300,沪深300
2022-04-22,4013.25,sh000300,沪深300
2022-04-25,3814.91,sh000300,沪深300
2022-04-26,3784.12,sh000300,沪深300
2022-04-27,3895.54,sh000300,沪深300
2022-04-28,3921.11,sh000300,沪深300
2022-04-29,4016.24,sh000300,沪深300
2022-05-05,4010.21,sh000300,沪深300
2022-05-06,3908.82,sh000300,沪深300
2022-05-09,3877.44,sh000300,沪深300
2022-05-10,3919.87,sh000300,沪深300
2022-05-11,3976.42,sh000300,沪深300
2022-05-12,3958.74,sh000300,沪深300
2022-05-13,3988.6,sh000300,沪深300
2022-05-16,3956.54,sh000300,沪深300
2022-05-17,4005.89,sh000300,沪深300
2022-05-18,3991.91,sh000300,沪深300
2022-05-19,3999.6,sh000300,沪深300
2022-05-20,4077.6,sh000300,沪深300
2022-05-23,4053.98,sh000300,沪深300
2022-05-24,3959.15,sh000300,沪深300
2022-05-25,3983.18,sh000300,沪深300
2022-05-26,3993.04,sh000300,沪深300
2022-05-27,4001.3,sh000300,沪深300
2022-05-30,4029.02,sh000300,沪深300
2022-05-31,4091.52,sh000300,沪深300
2022-06-01,4083.18,sh000300,沪深300
2022-06-02,4089.57,sh000300,沪深300
2022-06-06,4166.09,sh000300,沪深300
2022-06-07,4179.13,sh000300,沪深300
2022-06-08,4219.81,sh000300,沪深300
2022-06-09,4175.67,sh000300,沪深300
2022-06-10,4238.99,sh000300,沪深300
2022-06-13,4189.35,sh000300,沪深300
2022-06-14,4222.31,sh000300,沪深300
2022-06-15,4278.22,sh000300,沪深300
2022-06-16,4250.06,sh000300,沪深300
2022-06-17,4309.04,sh000300,沪深300
2022-06-20,4330.43,sh000300,沪深300
2022-06-21,4325.57,sh000300,沪深300
2022-06-22,4270.62,sh000300,沪深300
2022-06-23,4343.88,sh000300,沪深300
2022-06-24,4394.77,sh000300,沪深300
2022-06-27,4444.26,sh000300,沪深300
2022-06-28,4490.52,sh000300,沪深300
2022-06-29,4421.36,sh000300,沪深300
2022-06-30,4485.01,sh000300,沪深300
2022-07-01,4466.72,sh000300,沪深300
2022-07-04,4496.03,sh000300,沪深300
2022-07-05,4489.54,sh000300,沪深300
2022-07-06,4423.97,sh000300,沪深300
2022-07-07,4443.47,sh000300,沪深300
2022-07-08,4428.78,sh000300,沪深300
2022-07-11,4354.62,sh000300,沪深300
2022-07-12,4313.62,sh000300,沪深300
2022-07-13,4321.46,sh000300,沪深300
2022-07-14,4322.07,sh000300,沪深300
2022-07-15,4248.53,sh000300,沪深300
2022-07-18,4292.59,sh000300,沪深300
2022-07-19,4269.34,sh000300,沪深300
2022-07-20,4283.8,sh000300,沪深300
2022-07-21,4236.06,sh000300,沪深300
2022-07-22,4238.23,sh000300,沪深300
2022-07-25,4212.64,sh000300,沪深300
2022-07-26,4245.98,sh000300,沪深300
2022-07-27,4225.04,sh000300,沪深300
2022-07-28,4225.67,sh000300,沪深300
2022-07-29,4170.1,sh000300,沪深300
2022-08-01,4188.68,sh000300,沪深300
2022-08-02,4107.02,sh000300,沪深300
2022-08-03,4066.98,sh000300,沪深300
2022-08-04,4101.54,sh000300,沪深300
2022-08-05,4156.91,sh000300,沪深300
2022-08-08,4148.07,sh000300,沪深300
2022-08-09,4156.29,sh000300,沪深300
2022-08-10,4109.74,sh000300,沪深300
2022-08-11,4193.54,sh000300,沪深300
2022-08-12,4191.15,sh000300,沪深300
2022-08-15,4185.68,sh000300,沪深300
2022-08-16,4177.84,sh000300,沪深300
2022-08-17,4216.96,sh000300,沪深300
2022-08-18,4180.1,sh000300,沪深300
2022-08-19,4151.07,sh000300,沪深300
2022-08-22,4181.4,sh000300,沪深300
2022-08-23,4161.08,sh000300,沪深300
2022-08-24,4082.42,sh000300,沪深300
2022-08-25,4116.24,sh000300,沪深300
2022-08-26,4107.55,sh000300,沪深300
2022-08-29,4089.52,sh000300,沪深300
2022-08-30,4075.79,sh000300,沪深300
2022-08-31,4078.84,sh000300,沪深300
2022-09-01,4043.74,sh000300,沪深300
2022-09-02,4023.61,sh000300,沪深300
2022-09-05,4015.43,sh000300,沪深300
2022-09-06,4052.28,sh000300,沪深300
2022-09-07,4054.98,sh000300,沪深300
2022-09-08,4037.68,sh000300,沪深300
2022-09-09,4093.79,sh000300,沪深300
2022-09-13,4111.11,sh000300,沪深300
2022-09-14,4065.36,sh000300,沪深300
2022-09-15,4027.12,sh000300,沪深300
2022-09-16,3932.68,sh000300,沪深300
2022-09-19,3928.0,sh000300,沪深300
2022-09-20,3932.84,sh000300,沪深300
2022-09-21,3903.73,sh000300,沪深300
2022-09-22,3869.34,sh000300,沪深300
2022-09-23,3856.02,sh000300,沪深300
2022-09-26,3836.68,sh000300,沪深300
2022-09-27,3892.3,sh000300,沪深300
2022-09-28,3828.71,sh000300,沪深300
2022-09-29,3827.14,sh000300,沪深300
2022-09-30,3804.89,sh000300,沪深300
2022-10-10,3720.94,sh000300,沪深300
2022-10-11,3727.69,sh000300,沪深300
2022-10-12,3784.31,sh000300,沪深300
2022-10-13,3752.67,sh000300,沪深300
2022-10-14,3842.47,sh000300,沪深300
2022-10-17,3846.41,sh000300,沪深300
2022-10-18,3838.27,sh000300,沪深300
2022-10-19,3776.53,sh000300,沪深300
2022-10-20,3754.93,sh000300,沪深300
2022-10-21,3742.89,sh000300,沪深300
2022-10-24,3633.37,sh000300,沪深300
2022-10-25,3627.45,sh000300,沪深300
2022-10-26,3656.9,sh000300,沪深300
2022-10-27,3631.14,sh000300,沪深300
2022-10-28,3541.33,sh000300,沪深300
2022-10-31,3508.7,sh000300,沪深300
2022-11-01,3634.17,sh000300,沪深300
2022-11-02,3677.81,sh000300,沪深300
2022-11-03,3647.9,sh000300,沪深300
2022-11-04,3767.17,sh000300,沪深300
2022-11-07,3775.3,sh000300,沪深300
2022-11-08,3749.33,sh000300,沪深300
2022-11-09,3714.27,sh000300,沪深300
2022-11-10,3685.69,sh000300,沪深300
2022-11-11,3788.44,sh000300,沪深300
2022-11-14,3794.02,sh000300,沪深300
2022-11-15,3865.97,sh000300,沪深300
2022-11-16,3834.39,sh000300,沪深300
2022-11-17,3818.66,sh000300,沪深300
2022-11-18,3801.57,sh000300,沪深300
2022-11-21,3769.13,sh000300,沪深300
2022-11-22,3769.57,sh000300,沪深300
2022-11-23,3773.53,sh000300,沪深300
2022-11-24,3756.81,sh000300,沪深300
2022-11-25,3775.78,sh000300,沪深300
2022-11-28,3733.24,sh000300,沪深300
2022-11-29,3848.42,sh000300,沪深300
2022-11-30,3853.04,sh000300,沪深300
2022-12-01,3894.77,sh000300,沪深300
2022-12-02,3870.95,sh000300,沪深300
2022-12-05,3946.88,sh000300,沪深300
2022-12-06,3968.2,sh000300,沪深300
2022-12-07,3958.44,sh000300,沪深300
2022-12-08,3959.18,sh000300,沪深300
2022-12-09,3998.24,sh000300,沪深300
2022-12-12,3953.44,sh000300,沪深300
2022-12-13,3945.68,sh000300,沪深300
2022-12-14,3954.89,sh000300,沪深300
2022-12-15,3951.99,sh000300,沪深300
2022-12-16,3954.23,sh000300,沪深300
2022-12-19,3893.22,sh000300,沪深300
2022-12-20,3829.02,sh000300,沪深300
2022-12-21,3830.54,sh000300,沪深300
2022-12-22,3836.03,sh000300,沪深300
2022-12-23,3828.22,sh000300,沪深300
2022-12-26,3843.49,sh000300,沪深300
2022-12-27,3887.85,sh000300,沪深300
2022-12-28,3871.26,sh000300,沪深300
2022-12-29,3856.7,sh000300,沪深300
2022-12-30,3871.63,sh000300,沪深300
2023-01-03,3887.9,sh000300,沪深300
2023-01-04,3892.95,sh000300,沪深300
2023-01-05,3968.58,sh000300,沪深300
2023-01-06,3980.89,sh000300,沪深300
2023-01-09,4013.12,sh000300,沪深300
2023-01-10,4017.47,sh000300,沪深300
2023-01-11,4010.03,sh000300,沪深300
2023-01-12,4017.87,sh000300,沪深300
2023-01-13,4074.38,sh000300,沪深300
2023-01-16,4137.96,sh000300,沪深300
2023-01-17,4137.24,sh000300,沪深300
2023-01-18,4130.31,sh000300,沪深300
2023-01-19,4156.01,sh000300,沪深300
2023-01-20,4181.53,sh000300,沪深300
2023-01-30,4201.35,sh000300,沪深300
2023-01-31,4156.86,sh000300,沪深300
2023-02-01,4195.93,sh000300,沪深300
2023-02-02,4181.15,sh000300,沪深300
2023-02-03,4141.63,sh000300,沪深300
2023-02-06,4086.88,sh000300,沪深300
2023-02-07,4094.23,sh000300,沪深300
2023-02-08,4076.14,sh000300,沪深300
2023-02-09,4130.86,sh000300,沪深300
2023-02-10,4106.31,sh000300,沪深300
2023-02-13,4143.57,sh000300,沪深300
2023-02-14,4145.29,sh000300,沪深300
2023-02-15,4123.69,sh000300,沪深300
2023-02-16,4093.49,sh000300,沪深300
2023-02-17,4034.51,sh000300,沪深300
2023-02-20,4133.49,sh000300,沪深300
2023-02-21,4144.35,sh000300,沪深300
2023-02-22,4106.95,sh000300,沪深300
2023-02-23,4103.65,sh000300,沪深300
2023-02-24,4061.05,sh000300,沪深300
2023-02-27,4043.84,sh000300,沪深300
2023-02-28,4069.46,sh000300,沪深300
2023-03-01,4126.94,sh000300,沪深300
2023-03-02,4117.74,sh000300,沪深300
2023-03-03,4130.55,sh000300,沪深300
2023-03-06,4109.01,sh000300,沪深300
2023-03-07,4048.85,sh000300,沪深300
2023-03-08,4034.11,sh000300,沪深300
2023-03-09,4019.85,sh000300,沪深300
2023-03-10,3967.14,sh000300,沪深300
2023-03-13,4008.69,sh000300,沪深300
2023-03-14,3984.7,sh000300,沪深300
2023-03-15,3986.9,sh000300,沪深300
2023-03-16,3939.15,sh000300,沪深300
2023-03-17,3958.82,sh000300,沪深300
2023-03-20,3939.08,sh000300,沪深300
2023-03-21,3982.38,sh000300,沪深300
2023-03-22,3999.44,sh000300,沪深300
2023-03-23,4039.09,sh000300,沪深300
2023-03-24,4027.05,sh000300,沪深300
2023-03-27,4012.48,sh000300,沪深300
2023-03-28,3999.51,sh000300,沪深300
2023-03-29,4006.14,sh000300,沪深300
2023-03-30,4038.53,sh000300,沪深300
2023-03-31,4050.93,sh000300,沪深300
2023-04-03,4090.57,sh000300,沪深300
2023-04-04,4103.11,sh000300,沪深300
2023-04-06,4096.64,sh000300,沪深300
2023-04-07,4123.28,sh000300,沪深300
2023-04-10,4104.81,sh000300,沪深300
2023-04-11,4100.15,sh000300,沪深300
2023-04-12,4097.29,sh000300,沪深300
2023-04-13,4068.98,sh000300,沪深300
2023-04-14,4092.0,sh000300,沪深300
2023-04-17,4149.38,sh000300,沪深300
2023-04-18,4162.03,sh000300,沪深300
2023-04-19,4124.56,sh000300,沪深300
2023-04-20,4113.02,sh000300,沪深300
2023-04-21,4032.57,sh000300,沪深300
2023-04-24,3982.64,sh000300,沪深300
2023-04-25,3962.67,sh000300,沪深300
2023-04-26,3959.23,sh000300,沪深300
2023-04-27,3988.42,sh000300,沪深300
2023-04-28,4029.09,sh000300,沪深300
2023-05-04,4030.25,sh000300,沪深300
2023-05-05,4016.88,sh000300,沪深300
2023-05-08,4062.66,sh000300,沪深300
2023-05-09,4027.88,sh000300,沪深300
2023-05-10,3996.87,sh000300,沪深300
2023-05-11,3990.66,sh000300,沪深300
2023-05-12,3937.76,sh000300,沪深300
2023-05-15,3998.89,sh000300,沪深300
2023-05-16,3978.21,sh000300,沪深300
2023-05-17,3960.17,sh000300,沪深300
2023-05-18,3956.07,sh000300,沪深300
2023-05-19,3944.54,sh000300,沪深300
2023-05-22,3969.33,sh000300,沪深300
2023-05-23,3913.19,sh000300,沪深300
2023-05-24,3859.09,sh000300,沪深300
2023-05-25,3850.5,sh000300,沪深300
2023-05-26,3850.95,sh000300,沪深300
2023-05-29,3833.94,sh000300,沪深300
2023-05-30,3837.75,sh000300,沪深300
2023-05-31,3798.54,sh000300,沪深300
2023-06-01,3806.87,sh000300,沪深300
2023-06-02,3861.83,sh000300,沪深300
2023-06-05,3844.25,sh000300,沪深300
2023-06-06,3808.16,sh000300,沪深300
2023-06-07,3789.34,sh000300,沪深300
2023-06-08,3820.19,sh000300,沪深300
2023-06-09,3836.7,sh000300,沪深300
2023-06-12,3844.43,sh000300,沪深300
2023-06-13,3864.91,sh000300,沪深300
2023-06-14,3864.02,sh000300,沪深300
2023-06-15,3925.5,sh000300,沪深300
2023-06-16,3963.35,sh000300,沪深300
2023-06-19,3930.91,sh000300,沪深300
2023-06-20,3924.24,sh000300,沪深300
2023-06-21,3864.03,sh000300,沪深300
2023-06-26,3809.7,sh000300,沪深300
2023-06-27,3845.43,sh000300,沪深300
2023-06-28,3840.8,sh000300,沪深300
2023-06-29,3821.84,sh000300,沪深300
2023-06-30,3842.45,sh000300,沪深300
2023-07-03,3892.88,sh000300,沪深300
2023-07-04,3899.01,sh000300,沪深300
2023-07-05,3868.81,sh000300,沪深300
2023-07-06,3842.75,sh000300,沪深300
2023-07-07,3825.7,sh000300,沪深300
2023-07-10,3844.33,sh000300,沪深300
2023-07-11,3869.49,sh000300,沪深300
2023-07-12,3843.44,sh000300,沪深300
2023-07-13,3898.42,sh000300,沪深300
2023-07-14,3899.1,sh000300,沪深300
2023-07-17,3867.17,sh000300,沪深300
2023-07-18,3854.94,sh000300,沪深300
2023-07-19,3850.87,sh000300,沪深300
2023-07-20,3823.69,sh000300,沪深300
2023-07-21,3821.91,sh000300,沪深300
2023-07-24,3805.22,sh000300,沪深300
2023-07-25,3915.12,sh000300,沪深300
2023-07-26,3907.01,sh000300,沪深300
2023-07-27,3902.35,sh000300,沪深300
2023-07-28,3992.74,sh000300,沪深300
2023-07-31,4014.63,sh000300,沪深300
2023-08-01,3998.0,sh000300,沪深300
2023-08-02,3969.9,sh000300,沪深300
2023-08-03,4004.98,sh000300,沪深300
2023-08-04,4020.58,sh000300,沪深300
2023-08-07,3990.15,sh000300,沪深300
2023-08-08,3979.73,sh000300,沪深300
2023-08-09,3967.57,sh000300,沪深300
2023-08-10,3975.72,sh000300,沪深300
2023-08-11,3884.25,sh000300,沪深300
2023-08-14,3855.91,sh000300,沪深300
2023-08-15,3846.54,sh000300,沪深300
2023-08-16,3818.33,sh000300,沪深300
2023-08-17,3831.1,sh000300,沪深300
2023-08-18,3784.0,sh000300,沪深300
2023-08-21,3729.56,sh000300,沪深300
2023-08-22,3758.23,sh000300,沪深300
2023-08-23,3696.63,sh000300,沪深300
2023-08-24,3723.43,sh000300,沪深300
2023-08-25,3709.15,sh000300,沪深300
2023-08-28,3752.62,sh000300,沪深300
2023-08-29,3790.11,sh000300,沪深300
2023-08-30,3788.51,sh000300,沪深300
2023-08-31,3765.27,sh000300,沪深300
2023-09-01,3791.49,sh000300,沪深300
2023-09-04,3848.95,sh000300,沪深300
2023-09-05,3820.32,sh000300,沪深300
2023-09-06,3812.03,sh000300,沪深300
2023-09-07,3758.47,sh000300,沪深300
2023-09-08,3739.99,sh000300,沪深300
2023-09-11,3767.54,sh000300,沪深300
2023-09-12,3760.6,sh000300,沪深300
2023-09-13,3736.65,sh000300,沪深300
2023-09-14,3733.51,sh000300,沪深300
2023-09-15,3708.78,sh000300,沪深300
2023-09-18,3727.71,sh000300,沪深300
2023-09-19,3720.5,sh000300,沪深300
2023-09-20,3705.69,sh000300,沪深300
2023-09-21,3672.44,sh000300,沪深300
2023-09-22,3738.93,sh000300,沪深300
2023-09-25,3714.6,sh000300,沪深300
2023-09-26,3692.89,sh000300,沪深300
2023-09-27,3700.5,sh000300,沪深300
2023-09-28,3689.52,sh000300,沪深300
2023-10-09,3684.73,sh000300,沪深300
2023-10-10,3657.13,sh000300,沪深300
2023-10-11,3667.55,sh000300,沪深300
2023-10-12,3702.38,sh000300,沪深300
2023-10-13,3663.41,sh000300,沪深300
2023-10-16,3626.6,sh000300,沪深300
2023-10-17,3639.4,sh000300,沪深300
2023-10-18,3610.58,sh000300,沪深300
2023-10-19,3533.54,sh000300,沪深300
2023-10-20,3510.59,sh000300,沪深300
2023-10-23,3474.24,sh000300,沪深300
2023-10-24,3487.13,sh000300,沪深300
2023-10-25,3504.46,sh000300,沪深300
2023-10-26,3514.14,sh000300,沪深300
2023-10-27,3562.39,sh000300,沪深300
2023-10-30,3583.77,sh000300,沪深300
2023-10-31,3572.51,sh000300,沪深300
2023-11-01,3571.03,sh000300,沪深300
2023-11-02,3554.19,sh000300,沪深300
2023-11-03,3584.14,sh000300,沪深300
2023-11-06,3632.61,sh000300,沪深300
2023-11-07,3619.76,sh000300,沪深300
2023-11-08,3611.07,sh000300,沪深300
2023-11-09,3612.83,sh000300,沪深300
2023-11-10,3586.49,sh000300,沪深300
2023-11-13,3579.41,sh000300,沪深300
2023-11-14,3582.06,sh000300,沪深300
2023-11-15,3607.25,sh000300,沪深300
2023-11-16,3572.36,sh000300,沪深300
2023-11-17,3568.07,sh000300,沪深300
2023-11-20,3576.32,sh000300,沪深300
2023-11-21,3581.07,sh000300,沪深300
2023-11-22,3544.42,sh000300,沪深300
2023-11-23,3561.52,sh000300,沪深300
2023-11-24,3538.01,sh000300,沪深300
2023-11-27,3511.94,sh000300,沪深300
2023-11-28,3518.52,sh000300,沪深300
2023-11-29,3488.31,sh000300,沪深300
2023-11-30,3496.2,sh000300,沪深300
2023-12-01,3482.88,sh000300,沪深300
2023-12-04,3460.14,sh000300,沪深300
2023-12-05,3394.26,sh000300,沪深300
2023-12-06,3399.6,sh000300,沪深300
2023-12-07,3391.28,sh000300,沪深300
2023-12-08,3399.46,sh000300,沪深300
2023-12-11,3419.45,sh000300,沪深300
2023-12-12,3426.8,sh000300,沪深300
2023-12-13,3369.61,sh000300,沪深300
2023-12-14,3351.96,sh000300,沪深300
2023-12-15,3341.55,sh000300,沪深300
2023-12-18,3329.37,sh000300,沪深300
2023-12-19,3334.04,sh000300,沪深300
2023-12-20,3297.5,sh000300,沪深300
2023-12-21,3330.87,sh000300,沪深300
2023-12-22,3337.23,sh000300,沪深300
2023-12-25,3347.45,sh000300,沪深300
2023-12-26,3324.79,sh000300,沪深300
2023-12-27,3336.36,sh000300,沪深300
2023-12-28,3414.54,sh000300,沪深300
2023-12-29,3431.11,sh000300,沪深300
2024-01-02,3386.35,sh000300,沪深300
2024-01-03,3378.3,sh000300,沪深300
2024-01-04,3347.05,sh000300,沪深300
2024-01-05,3329.11,sh000300,沪深300
2024-01-08,3286.06,sh000300,沪深300
2024-01-09,3292.5,sh000300,沪深300
2024-01-10,3277.13,sh000300,沪深300
2024-01-11,3295.67,sh000300,沪深300
2024-01-12,3284.17,sh000300,沪深300
2024-01-15,3280.92,sh000300,沪深300
2024-01-16,3300.88,sh000300,沪深300
2024-01-17,3229.08,sh000300,沪深300
2024-01-18,3274.73,sh000300,沪深300
2024-01-19,3269.78,sh000300,沪深300
2024-01-22,3218.9,sh000300,沪深300
2024-01-23,3231.93,sh000300,沪深300
2024-01-24,3277.11,sh000300,沪深300
2024-01-25,3342.92,sh000300,沪深300
2024-01-26,3333.82,sh000300,沪深300
2024-01-29,3303.96,sh000300,沪深300
2024-01-30,3245.04,sh000300,沪深300
2024-01-31,3215.35,sh000300,沪深300
2024-02-01,3217.71,sh000300,沪深300
2024-02-02,3179.63,sh000300,沪深300
2024-02-05,3200.42,sh000300,沪深300
2024-02-06,3311.69,sh000300,沪深300
2024-02-07,3343.63,sh000300,沪深300
2024-02-08,3364.93,sh000300,沪深300
2024-02-19,3403.81,sh000300,沪深300
2024-02-20,3410.85,sh000300,沪深300
2024-02-21,3456.87,sh000300,沪深300
2024-02-22,3486.67,sh000300,沪深300
2024-02-23,3489.74,sh000300,沪深300
2024-02-26,3453.36,sh000300,沪深300
2024-02-27,3494.79,sh000300,沪深300
2024-02-28,3450.26,sh000300,沪深300
2024-02-29,3516.08,sh000300,沪深300
2024-03-01,3537.8,sh000300,沪深300
2024-03-04,3540.87,sh000300,沪深300
2024-03-05,3565.51,sh000300,沪深300
2024-03-06,3551.05,sh000300,沪深300
2024-03-07,3529.72,sh000300,沪深300
2024-03-08,3544.91,sh000300,沪深300
2024-03-11,3589.26,sh000300,沪深300
2024-03-12,3597.49,sh000300,沪深300
2024-03-13,3572.36,sh000300,沪深300
2024-03-14,3562.22,sh000300,沪深300
2024-03-15,3569.99,sh000300,沪深300
2024-03-18,3603.53,sh000300,沪深300
2024-03-19,3577.63,sh000300,沪深300
2024-03-20,3585.38,sh000300,沪深300
2024-03-21,3581.09,sh000300,沪深300
2024-03-22,3545.0,sh000300,沪深300
2024-03-25,3525.76,sh000300,沪深300
2024-03-26,3543.75,sh000300,沪深300
2024-03-27,3502.79,sh000300,沪深300
2024-03-28,3520.96,sh000300,沪深300
2024-03-29,3537.48,sh000300,沪深300
2024-04-01,3595.65,sh000300,沪深300
2024-04-02,3580.68,sh000300,沪深300
2024-04-03,3567.8,sh000300,沪深300
2024-04-08,3536.41,sh000300,沪深300
2024-04-09,3533.49,sh000300,沪深300
2024-04-10,3504.71,sh000300,沪深300
2024-04-11,3504.24,sh000300,沪深300
2024-04-12,3475.84,sh000300,沪深300
2024-04-15,3549.08,sh000300,沪深300
2024-04-16,3511.11,sh000300,沪深300
2024-04-17,3565.4,sh000300,沪深300
2024-04-18,3569.8,sh000300,沪深300
2024-04-19,3541.66,sh000300,沪深300
2024-04-22,3530.9,sh000300,沪深300
2024-04-23,3506.22,sh000300,沪深300
2024-04-24,3521.62,sh000300,沪深300
2024-04-25,3530.28,sh000300,沪深300
2024-04-26,3584.27,sh000300,沪深300
2024-04-29,3623.91,sh000300,沪深300
2024-04-30,3604.39,sh000300,沪深300
2024-05-06,3657.88,sh000300,沪深300
2024-05-07,3659.01,sh000300,沪深300
2024-05-08,3630.22,sh000300,沪深300
2024-05-09,3664.56,sh000300,沪深300
2024-05-10,3666.28,sh000300,沪深300
2024-05-13,3664.69,sh000300,沪深300
2024-05-14,3657.05,sh000300,沪深300
2024-05-15,3626.06,sh000300,沪深300
2024-05-16,3640.36,sh000300,沪深300
2024-05-17,3677.97,sh000300,沪深300
2024-05-20,3690.96,sh000300,沪深300
2024-05-21,3676.16,sh000300,沪深300
2024-05-22,3684.45,sh000300,沪深300
2024-05-23,3641.79,sh000300,沪深300
2024-05-24,3601.48,sh000300,沪深300
2024-05-27,3635.71,sh000300,沪深300
2024-05-28,3609.17,sh000300,沪深300
2024-05-29,3613.52,sh000300,沪深300
2024-05-30,3594.31,sh000300,沪深300
2024-05-31,3579.92,sh000300,沪深300
2024-06-03,3588.75,sh000300,沪深300
2024-06-04,3615.67,sh000300,沪深300
2024-06-05,3594.79,sh000300,沪深300
2024-06-06,3592.25,sh000300,沪深300
2024-06-07,3574.11,sh000300,沪深300
2024-06-11,3542.88,sh000300,沪深300
2024-06-12,3544.12,sh000300,沪深300
2024-06-13,3526.13,sh000300,沪深300
2024-06-14,3541.53,sh000300,沪深300
2024-06-17,3536.2,sh000300,沪深300
2024-06-18,3545.59,sh000300,沪深300
2024-06-19,3528.75,sh000300,沪深300
2024-06-20,3503.28,sh000300,沪深300
2024-06-21,3495.62,sh000300,沪深300
2024-06-24,3476.81,sh000300,沪深300
2024-06-25,3457.9,sh000300,沪深300
2024-06-26,3480.26,sh000300,沪深300
2024-06-27,3454.12,sh000300,沪深300
2024-06-28,3461.66,sh000300,沪深300
2024-07-01,3478.18,sh000300,沪深300
2024-07-02,3471.79,sh000300,沪深300
2024-07-03,3463.41,sh000300,沪深300
2024-07-04,3445.81,sh000300,沪深300
2024-07-05,3431.06,sh000300,沪深300
2024-07-08,3401.76,sh000300,沪深300
2024-07-09,3439.81,sh000300,沪深300
2024-07-10,3428.97,sh000300,沪深300
2024-07-11,3468.17,sh000300,沪深300
2024-07-12,3472.4,sh000300,沪深300
2024-07-15,3476.25,sh000300,沪深300
2024-07-16,3498.28,sh000300,沪深300
2024-07-17,3501.58,sh000300,沪深300
2024-07-18,3520.93,sh000300,沪深300
2024-07-19,3539.02,sh000300,沪深300
2024-07-22,3514.92,sh000300,沪深300
2024-07-23,3439.88,sh000300,沪深300
2024-07-24,3418.17,sh000300,沪深300
2024-07-25,3399.27,sh000300,沪深300
2024-07-26,3409.29,sh000300,沪深300
2024-07-29,3390.74,sh000300,沪深300
2024-07-30,3369.38,sh000300,沪深300
2024-07-31,3442.08,sh000300,沪深300
2024-08-01,3419.27,sh000300,沪深300
2024-08-02,3384.39,sh000300,沪深300
2024-08-05,3343.32,sh000300,沪深300
2024-08-06,3342.98,sh000300,沪深300
2024-08-07,3341.49,sh000300,沪深300
2024-08-08,3342.94,sh000300,沪深300
2024-08-09,3331.63,sh000300,沪深300
2024-08-12,3325.86,sh000300,沪深300
2024-08-13,3334.39,sh000300,沪深300
2024-08-14,3309.24,sh000300,沪深300
2024-08-15,3341.95,sh000300,沪深300
2024-08-16,3345.63,sh000300,沪深300
2024-08-19,3356.97,sh000300,沪深300
2024-08-20,3332.7,sh000300,沪深300
2024-08-21,3321.64,sh000300,沪深300
2024-08-22,3313.14,sh000300,沪深300
2024-08-23,3327.19,sh000300,沪深300
2024-08-26,3324.22,sh000300,沪深300
2024-08-27,3305.33,sh000300,沪深300
2024-08-28,3286.5,sh000300,沪深300
2024-08-29,3277.68,sh000300,沪深300
2024-08-30,3321.43,sh000300,沪深300
2024-09-02,3265.01,sh000300,沪深300
2024-09-03,3273.43,sh000300,沪深300
2024-09-04,3252.16,sh000300,沪深300
2024-09-05,3257.76,sh000300,沪深300
2024-09-06,3231.35,sh000300,沪深300
2024-09-09,3192.95,sh000300,沪深300
2024-09-10,3195.76,sh000300,沪深300
2024-09-11,3186.13,sh000300,沪深300
2024-09-12,3172.47,sh000300,沪深300
2024-09-13,3159.25,sh000300,沪深300
2024-09-18,3171.01,sh000300,沪深300
2024-09-19,3196.04,sh000300,沪深300
2024-09-20,3201.05,sh000300,沪深300
2024-09-23,3212.76,sh000300,沪深300
2024-09-24,3351.91,sh000300,沪深300
2024-09-25,3401.53,sh000300,沪深300
2024-09-26,3545.32,sh000300,沪深300
2024-09-27,3703.68,sh000300,沪深300
2024-09-30,4017.85,sh000300,沪深300
2024-10-08,4256.1,sh000300,沪深300
2024-10-09,3955.98,sh000300,沪深300
2024-10-10,3997.79,sh000300,沪深300
2024-10-11,3887.17,sh000300,沪深300
2024-10-14,3961.34,sh000300,沪深300
2024-10-15,3855.99,sh000300,沪深300
2024-10-16,3831.59,sh000300,沪深300
2024-10-17,3788.22,sh000300,沪深300
2024-10-18,3925.23,sh000300,沪深300
2024-10-21,3935.2,sh000300,沪深300
2024-10-22,3957.78,sh000300,沪深300
2024-10-23,3973.21,sh000300,沪深300
2024-10-24,3928.83,sh000300,沪深300
2024-10-25,3956.42,sh000300,沪深300
2024-10-28,3964.16,sh000300,沪深300
2024-10-29,3924.65,sh000300,沪深300
2024-10-30,3889.45,sh000300,沪深300
2024-10-31,3891.04,sh000300,沪深300
2024-11-01,3890.02,sh000300,沪深300
2024-11-04,3944.76,sh000300,沪深300
2024-11-05,4044.57,sh000300,沪深300
2024-11-06,4024.28,sh000300,沪深300
2024-11-07,4145.7,sh000300,沪深300
2024-11-08,4104.05,sh000300,沪深300
2024-11-11,4131.13,sh000300,沪深300
2024-11-12,4085.74,sh000300,沪深300
2024-11-13,4110.89,sh000300,沪深300
2024-11-14,4039.62,sh000300,沪深300
2024-11-15,3968.83,sh000300,沪深300
2024-11-18,3950.38,sh000300,沪深300
2024-11-19,3976.89,sh000300,沪深300
2024-11-20,3985.77,sh000300,沪深300
2024-11-21,3989.3,sh000300,沪深300
2024-11-22,3865.7,sh000300,沪深300
2024-11-25,3848.09,sh000300,沪深300
2024-11-26,3840.18,sh000300,沪深300
2024-11-27,3907.04,sh000300,沪深300
2024-11-28,3872.55,sh000300,沪深300
2024-11-29,3916.58,sh000300,沪深300
2024-12-02,3947.63,sh000300,沪深300
2024-12-03,3951.89,sh000300,沪深300
2024-12-04,3930.56,sh000300,沪深300
2024-12-05,3921.59,sh000300,沪深300
2024-12-06,3973.14,sh000300,沪深300
2024-12-09,3966.57,sh000300,沪深300
2024-12-10,3995.64,sh000300,沪深300
2024-12-11,3988.83,sh000300,沪深300
2024-12-12,4028.5,sh000300,沪深300
2024-12-13,3933.18,sh000300,沪深300
2024-12-16,3911.84,sh000300,沪深300
2024-12-17,3922.03,sh000300,沪深300
2024-12-18,3941.89,sh000300,沪深300
2024-12-19,3945.46,sh000300,沪深300
2024-12-20,3927.74,sh000300,沪深300
2024-12-23,3933.57,sh000300,沪深300
2024-12-24,3983.69,sh000300,沪深300
2024-12-25,3985.63,sh000300,沪深300
2024-12-26,3987.48,sh000300,沪深300
2024-12-27,3981.03,sh000300,沪深300
2024-12-30,3999.05,sh000300,沪深300
2024-12-31,3934.91,sh000300,沪深300
